tema,causa,slug
Adolescentes e Jovens,Abuso sexual,abuso-sexual
Adolescentes e Jovens,Alimentação seletiva,alimentacao-seletiva
Adolescentes e Jovens,Ansiedade infantil,ansiedade-infantil
Adolescentes e Jovens,Atraso na linguagem,atraso-na-linguagem
Adolescentes e Jovens,Autismo (TEA),autismo-tea
Adolescentes e Jovens,Automutilação,automutilacao
Adolescentes e Jovens,Baixa autoestima,baixa-autoestima
Adolescentes e Jovens,Bullying,bullying
Adolescentes e Jovens,Convulsões,convulsoes
Adolescentes e Jovens,Desnutrição,desnutricao
Adolescentes e Jovens,Dificuldades escolares,dificuldades-escolares
Adolescentes e Jovens,Discalculia,discalculia
Adolescentes e Jovens,Disgrafia,disgrafia
Adolescentes e Jovens,Dislexia,dislexia
Adolescentes e Jovens,Enurese noturna,enurese-noturna
Adolescentes e Jovens,Epilepsia infantil,epilepsia-infantil
Adolescentes e Jovens,Febres constantes,febres-constantes
Adolescentes e Jovens,Fobias,fobias
Adolescentes e Jovens,Gravidez na adolescência,gravidez-na-adolescencia
Adolescentes e Jovens,Hiperatividade,hiperatividade
Adolescentes e Jovens,Ideação suicida,ideacao-suicida
Adolescentes e Jovens,Impulsividade,impulsividade
Adolescentes e Jovens,Infecções de repetição,infeccoes-de-repeticao
Adolescentes e Jovens,Isolamento social,isolamento-social
Adolescentes e Jovens,Negligência,negligencia
Adolescentes e Jovens,Obesidade infantil,obesidade-infantil
Adolescentes e Jovens,TDAH,tdah
Adolescentes e Jovens,Uso precoce de álcool ou drogas,uso-precoce-de-alcool-ou-drogas
Adolescentes e Jovens,Violência doméstica,violencia-domestica
Agradecimentos,Batismos,batismos
Agradecimentos,Curas recebidas,curas-recebidas
Agradecimentos,Livramentos,livramentos
Agradecimentos,Paz em meio à tempestade,paz-em-meio-a-tempestade
Agradecimentos,Provisões inesperadas,provisoes-inesperadas
Agradecimentos,Reconciliações,reconciliacoes
Agradecimentos,Respostas de oração,respostas-de-oracao
Agradecimentos,Testemunhos de fé,testemunhos-de-fe
Causas Jurídicas,Assédio laboral,assedio-laboral
Causas Jurídicas,Calúnia,calunia
Causas Jurídicas,Cobrancas abusivas,cobrancas-abusivas
Causas Jurídicas,Corrupção judicial,corrupcao-judicial
Causas Jurídicas,Demissões injustas,demissoes-injustas
Causas Jurídicas,Difamação,difamacao
Causas Jurídicas,Divórcio litigioso,divorcio-litigioso
Causas Jurídicas,Falta de provas,falta-de-provas
Causas Jurídicas,Guarda de filhos,guarda-de-filhos
Causas Jurídicas,Inventários contestados,inventarios-contestados
Causas Jurídicas,Morosidade da Justiça,morosidade-da-justica
Causas Jurídicas,Multas indevidas,multas-indevidas
Causas Jurídicas,Negativas de planos de saúde,negativas-de-planos-de-saude
Causas Jurídicas,Negativação,negativacao
Causas Jurídicas,Não pagamento de direitos,nao-pagamento-de-direitos
Causas Jurídicas,Pensão alimentícia,pensao-alimenticia
Causas Jurídicas,Processos judiciais demorados,processos-judiciais-demorados
Causas Jurídicas,Sem testemunhas,sem-testemunhas
Coração e Circulação,AVC (derrame),avc-derrame
Coração e Circulação,Aneurisma cerebral,aneurisma-cerebral
Coração e Circulação,Angina,angina
Coração e Circulação,Arritmia,arritmia
Coração e Circulação,Aterosclerose,aterosclerose
Coração e Circulação,Bradicardia,bradicardia
Coração e Circulação,Colesterol alto,colesterol-alto
Coração e Circulação,Doença arterial periférica,doenca-arterial-periferica
Coração e Circulação,Embolia pulmonar,embolia-pulmonar
Coração e Circulação,Estresse crônico,estresse-cronico
Coração e Circulação,Formigamento nas pernas,formigamento-nas-pernas
Coração e Circulação,Histórico familiar de doenças cardíacas,historico-familiar-de-doencas-cardiacas
Coração e Circulação,Infarto,infarto
Coração e Circulação,Insuficiência cardíaca,insuficiencia-cardiaca
Coração e Circulação,Isquemia cerebral,isquemia-cerebral
Coração e Circulação,Miocardiopatia,miocardiopatia
Coração e Circulação,Má circulação,ma-circulacao
Coração e Circulação,Pericardite,pericardite
Coração e Circulação,Pressão alta (hipertensão),pressao-alta-hipertensao
Coração e Circulação,Pressão baixa (hipotensão),pressao-baixa-hipotensao
Coração e Circulação,Problemas nas artérias e veias,problemas-nas-arterias-e-veias
Coração e Circulação,Sedentarismo,sedentarismo
Coração e Circulação,Sopro no coração,sopro-no-coracao
Coração e Circulação,Taquicardia,taquicardia
Coração e Circulação,Triglicerídeos elevados,triglicerideos-elevados
Coração e Circulação,Trombose,trombose
Coração e Circulação,Varizes,varizes
Coração e Circulação,Vasculite,vasculite
Coração e Circulação,Veias entupidas,veias-entupidas
Câncer,Câncer de boca,cancer-de-boca
Câncer,Câncer de estômago,cancer-de-estomago
Câncer,Câncer de fígado,cancer-de-figado
Câncer,Câncer de garganta,cancer-de-garganta
Câncer,Câncer de intestino,cancer-de-intestino
Câncer,Câncer de mama,cancer-de-mama
Câncer,Câncer de ovário,cancer-de-ovario
Câncer,Câncer de pele,cancer-de-pele
Câncer,Câncer de próstata,cancer-de-prostata
Câncer,Câncer de pulmão,cancer-de-pulmao
Câncer,Câncer de pâncreas,cancer-de-pancreas
Câncer,Câncer de rins,cancer-de-rins
Câncer,Câncer de tireoide,cancer-de-tireoide
Câncer,Câncer infantil,cancer-infantil
Câncer,Câncer na bexiga,cancer-na-bexiga
Câncer,Câncer no cérebro,cancer-no-cerebro
Câncer,Câncer no esôfago,cancer-no-esofago
Câncer,Câncer no útero,cancer-no-utero
Câncer,Câncer ósseo,cancer-osseo
Câncer,Leucemia,leucemia
Câncer,Linfoma,linfoma
Câncer,Melanoma,melanoma
Câncer,Metástase,metastase
Câncer,Neoplasias,neoplasias
Câncer,Quimioterapia,quimioterapia
Câncer,Radioterapia,radioterapia
Câncer,Recaídas de câncer,recaidas-de-cancer
Câncer,Sarcoma,sarcoma
Câncer,Tumores benignos,tumores-benignos
Câncer,Tumores malignos,tumores-malignos
Diabetes,Diabetes tipo 1 (autoimune),diabetes-tipo-1-autoimune
Diabetes,Diabetes tipo 2 (resistência à insulina),diabetes-tipo-2-resistencia-a-insulina
Diabetes,Dificuldade de controle glicêmico,dificuldade-de-controle-glicemico
Diabetes,Hiperglicemia,hiperglicemia
Diabetes,Hipoglicemia,hipoglicemia
Diabetes,Insulina desregulada,insulina-desregulada
Diabetes,Nefropatia,nefropatia
Diabetes,Neuropatia,neuropatia
Diabetes,Pré-diabetes,pre-diabetes
Diabetes,Pé diabético,pe-diabetico
Diabetes,Retinopatia,retinopatia
Doenças Infecciosas,Amebíase,amebiase
Doenças Infecciosas,Bronquite viral,bronquite-viral
Doenças Infecciosas,Chikungunya,chikungunya
Doenças Infecciosas,Clamídia,clamidia
Doenças Infecciosas,Covid-19,covid-19
Doenças Infecciosas,Dengue,dengue
Doenças Infecciosas,Doença de Chagas,doenca-de-chagas
Doenças Infecciosas,Doenças infecciosas emergentes e reemergentes,doencas-infecciosas-emergentes-e-reemergentes
Doenças Infecciosas,Encefalite,encefalite
Doenças Infecciosas,Esquistossomose,esquistossomose
Doenças Infecciosas,Febre amarela,febre-amarela
Doenças Infecciosas,Febre tifoide,febre-tifoide
Doenças Infecciosas,Giardíase,giardiase
Doenças Infecciosas,Gonorreia,gonorreia
Doenças Infecciosas,Gripe comum,gripe-comum
Doenças Infecciosas,H1N1,h1n1
Doenças Infecciosas,HIV/AIDS,hivaids
Doenças Infecciosas,Hanseníase,hanseniase
Doenças Infecciosas,Infecções hospitalares,infeccoes-hospitalares
Doenças Infecciosas,Leishmaniose (tegumentar e visceral),leishmaniose-tegumentar-e-visceral
Doenças Infecciosas,Leptospirose,leptospirose
Doenças Infecciosas,Meningite viral ou bacteriana,meningite-viral-ou-bacteriana
Doenças Infecciosas,Pneumonia bacteriana,pneumonia-bacteriana
Doenças Infecciosas,Resistência a antibióticos,resistencia-a-antibioticos
Doenças Infecciosas,Salmonela,salmonela
Doenças Infecciosas,Sífilis,sifilis
Doenças Infecciosas,Tuberculose,tuberculose
Doenças Infecciosas,Zika,zika
Doenças Infecciosas,Zoonoses transmitidas por animais,zoonoses-transmitidas-por-animais
Espiritual,Ambientes espiritualmente carregados,ambientes-espiritualmente-carregados
Espiritual,Apatia na fé,apatia-na-fe
Espiritual,Ataques espirituais,ataques-espirituais
Espiritual,Bloqueios emocionais e espirituais,bloqueios-emocionais-e-espirituais
Espiritual,Chamado ministerial adormecido,chamado-ministerial-adormecido
Espiritual,Crenças limitantes,crencas-limitantes
Espiritual,Crises existenciais,crises-existenciais
Espiritual,Culpa,culpa
Espiritual,Decepções com líderes,decepcoes-com-lideres
Espiritual,Desconexão com Deus,desconexao-com-deus
Espiritual,Desequilíbrio corpo-mente-espírito,desequilibrio-corpo-mente-espirito
Espiritual,Desânimo para orar ou congregar,desanimo-para-orar-ou-congregar
Espiritual,Dúvidas na fé,duvidas-na-fe
Espiritual,Falta de perdão,falta-de-perdao
Espiritual,Frieza espiritual,frieza-espiritual
Espiritual,Influências malignas,influencias-malignas
Espiritual,Manipulação,manipulacao
Espiritual,Medo de punição divina,medo-de-punicao-divina
Espiritual,Mágoas profundas,magoas-profundas
Espiritual,Opressão espiritual,opressao-espiritual
Espiritual,Perturbações noturnas,perturbacoes-noturnas
Espiritual,Pesadelos recorrentes,pesadelos-recorrentes
Espiritual,Religiosidade sem relacionamento,religiosidade-sem-relacionamento
Espiritual,Sensação de peso ou presença negativa,sensacao-de-peso-ou-presenca-negativa
Espiritual,Sentimento de indignidade,sentimento-de-indignidade
Espiritual,Traumas religiosos,traumas-religiosos
Espiritual,Vazio interior,vazio-interior
Espiritual,Vergonha,vergonha
Espiritual,Vida estagnada,vida-estagnada
Finanças,Ansiedade financeira,ansiedade-financeira
Finanças,Baixa escolaridade,baixa-escolaridade
Finanças,Cartão de crédito,cartao-de-credito
Finanças,Comparação,comparacao
Finanças,Consumo compulsivo,consumo-compulsivo
Finanças,Crise econômica,crise-economica
Finanças,Dependência de terceiros,dependencia-de-terceiros
Finanças,Desemprego,desemprego
Finanças,Dívidas acumuladas,dividas-acumuladas
Finanças,Empréstimos,emprestimos
Finanças,Endividamento familiar,endividamento-familiar
Finanças,Estresse econômico,estresse-economico
Finanças,Falta de reserva de emergência,falta-de-reserva-de-emergencia
Finanças,Falta de sabedoria financeira,falta-de-sabedoria-financeira
Finanças,Financiamentos,financiamentos
Finanças,Imprevistos financeiros,imprevistos-financeiros
Finanças,Impulsividade,impulsividade
Finanças,Informalidade,informalidade
Finanças,Perda de renda,perda-de-renda
Finanças,Planejamento ausente,planejamento-ausente
Finanças,Pressão social,pressao-social
Finanças,Subemprego,subemprego
Gravidez e Bebês,Apneia do prematuro,apneia-do-prematuro
Gravidez e Bebês,Aspiração de mecônio,aspiracao-de-meconio
Gravidez e Bebês,Bebê com baixo peso,bebe-com-baixo-peso
Gravidez e Bebês,Bolsa rota precoce,bolsa-rota-precoce
Gravidez e Bebês,Depressão pós-parto,depressao-pos-parto
Gravidez e Bebês,Descolamento de placenta,descolamento-de-placenta
Gravidez e Bebês,Diabetes gestacional,diabetes-gestacional
Gravidez e Bebês,Dificuldades na amamentação,dificuldades-na-amamentacao
Gravidez e Bebês,Eclâmpsia,eclampsia
Gravidez e Bebês,Gravidez de risco,gravidez-de-risco
Gravidez e Bebês,Hipertensão gestacional,hipertensao-gestacional
Gravidez e Bebês,Hiperêmese gravídica,hiperemese-gravidica
Gravidez e Bebês,Icterícia neonatal,ictericia-neonatal
Gravidez e Bebês,Infecções na gravidez,infeccoes-na-gravidez
Gravidez e Bebês,Má formação fetal,ma-formacao-fetal
Gravidez e Bebês,Parto prematuro,parto-prematuro
Gravidez e Bebês,Placenta prévia,placenta-previa
Gravidez e Bebês,Pré-eclâmpsia,pre-eclampsia
Gravidez e Bebês,Pós-parto delicado,pos-parto-delicado
Gravidez e Bebês,Recém-nascidos em UTI,recem-nascidos-em-uti
Gravidez e Bebês,Ruptura uterina,ruptura-uterina
Gravidez e Bebês,Sangramentos no início ou fim da gestação,sangramentos-no-inicio-ou-fim-da-gestacao
Gravidez e Bebês,Sofrimento fetal,sofrimento-fetal
Gravidez e Bebês,Trabalho de parto prolongado,trabalho-de-parto-prolongado
Igrejas e Obreiros,Abandono espiritual,abandono-espiritual
Igrejas e Obreiros,Avivamento local,avivamento-local
Igrejas e Obreiros,Discipulado,discipulado
Igrejas e Obreiros,Escândalos,escandalos
Igrejas e Obreiros,Falta de liderança,falta-de-lideranca
Igrejas e Obreiros,Fome pela Palavra,fome-pela-palavra
Igrejas e Obreiros,Ministérios enfraquecidos,ministerios-enfraquecidos
Igrejas e Obreiros,Novos convertidos,novos-convertidos
Igrejas e Obreiros,Perseguição religiosa,perseguicao-religiosa
Igrejas e Obreiros,Quebrantamento,quebrantamento
Igrejas e Obreiros,Reconciliar divisões,reconciliar-divisoes
Igrejas e Obreiros,Sabedoria nos projetos,sabedoria-nos-projetos
Igrejas e Obreiros,Santidade,santidade
Igrejas e Obreiros,Sustento pastoral,sustento-pastoral
Igrejas e Obreiros,Unidade entre irmãos,unidade-entre-irmaos
Imunidade / Autoimunes,Anemia hemolítica autoimune,anemia-hemolitica-autoimune
Imunidade / Autoimunes,Artrite reumatoide,artrite-reumatoide
Imunidade / Autoimunes,Baixa imunidade frequente,baixa-imunidade-frequente
Imunidade / Autoimunes,Colangite esclerosante primária,colangite-esclerosante-primaria
Imunidade / Autoimunes,Diabetes tipo 1,diabetes-tipo-1
Imunidade / Autoimunes,Disbiose intestinal,disbiose-intestinal
Imunidade / Autoimunes,Doença celíaca,doenca-celiaca
Imunidade / Autoimunes,Doença de Behçet,doenca-de-behcet
Imunidade / Autoimunes,Esclerodermia,esclerodermia
Imunidade / Autoimunes,Esclerose múltipla,esclerose-multipla
Imunidade / Autoimunes,Estresse crônico,estresse-cronico
Imunidade / Autoimunes,Fadiga crônica,fadiga-cronica
Imunidade / Autoimunes,Fatores ambientais,fatores-ambientais
Imunidade / Autoimunes,Hepatite autoimune,hepatite-autoimune
Imunidade / Autoimunes,Imunodeficiências primárias e secundárias,imunodeficiencias-primarias-e-secundarias
Imunidade / Autoimunes,Infecções recorrentes,infeccoes-recorrentes
Imunidade / Autoimunes,Inflamação sistêmica silenciosa,inflamacao-sistemica-silenciosa
Imunidade / Autoimunes,Intolerâncias alimentares ligadas à imunidade,intolerancias-alimentares-ligadas-a-imunidade
Imunidade / Autoimunes,Lúpus eritematoso sistêmico,lupus-eritematoso-sistemico
Imunidade / Autoimunes,Miastenia gravis,miastenia-gravis
Imunidade / Autoimunes,Predisposição genética,predisposicao-genetica
Imunidade / Autoimunes,Psoríase,psoriase
Imunidade / Autoimunes,Síndrome de Sjögren,sindrome-de-sjogren
Imunidade / Autoimunes,Tireoidite de Hashimoto,tireoidite-de-hashimoto
Imunidade / Autoimunes,Traumas emocionais,traumas-emocionais
Imunidade / Autoimunes,Vitiligo,vitiligo
Ministérios e Missionários,Ataques espirituais,ataques-espirituais
Ministérios e Missionários,Barreiras linguísticas,barreiras-linguisticas
Ministérios e Missionários,Chamados despertados,chamados-despertados
Ministérios e Missionários,Crise de vocação,crise-de-vocacao
Ministérios e Missionários,Evangelismo em áreas difíceis,evangelismo-em-areas-dificeis
Ministérios e Missionários,Falta de apoio,falta-de-apoio
Ministérios e Missionários,Famílias missionárias,familias-missionarias
Ministérios e Missionários,Missionários em campo,missionarios-em-campo
Ministérios e Missionários,Proteção,protecao
Ministérios e Missionários,Rejeição local,rejeicao-local
Ministérios e Missionários,Retorno precoce,retorno-precoce
Ministérios e Missionários,Saudade,saudade
Ministérios e Missionários,Saúde,saude
Ministérios e Missionários,Sustento emocional,sustento-emocional
Nações / Governo,Censura,censura
Nações / Governo,Concentração de renda,concentracao-de-renda
Nações / Governo,Conflitos armados,conflitos-armados
Nações / Governo,Corrupção sistêmica,corrupcao-sistemica
Nações / Governo,Crise de saúde pública,crise-de-saude-publica
Nações / Governo,Desigualdade,desigualdade
Nações / Governo,Desvio de verbas públicas,desvio-de-verbas-publicas
Nações / Governo,Educação deficiente,educacao-deficiente
Nações / Governo,Genocídios,genocidios
Nações / Governo,Guerras,guerras
Nações / Governo,Injustiça social,injustica-social
Nações / Governo,Intolerância religiosa,intolerancia-religiosa
Nações / Governo,Negligência governamental,negligencia-governamental
Nações / Governo,Perseguição à fé,perseguicao-a-fe
Nações / Governo,Repressão,repressao
Nações / Governo,Terrorismo,terrorismo
Nações / Governo,Violação de direitos humanos,violacao-de-direitos-humanos
Nações / Governo,Violência urbana,violencia-urbana
Neurológicos / AVC,AVC (derrame),avc-derrame
Neurológicos / AVC,Alzheimer,alzheimer
Neurológicos / AVC,Aneurisma,aneurisma
Neurológicos / AVC,Ataxia,ataxia
Neurológicos / AVC,Cefaleia tensional,cefaleia-tensional
Neurológicos / AVC,Confusão mental,confusao-mental
Neurológicos / AVC,Convulsões,convulsoes
Neurológicos / AVC,Crises de ausência,crises-de-ausencia
Neurológicos / AVC,Demência,demencia
Neurológicos / AVC,Dificuldades cognitivas,dificuldades-cognitivas
Neurológicos / AVC,Distonia,distonia
Neurológicos / AVC,Dores de cabeça crônicas,dores-de-cabeca-cronicas
Neurológicos / AVC,Encefalite,encefalite
Neurológicos / AVC,Enxaqueca,enxaqueca
Neurológicos / AVC,Epilepsia,epilepsia
Neurológicos / AVC,Esclerose múltipla,esclerose-multipla
Neurológicos / AVC,Fala arrastada,fala-arrastada
Neurológicos / AVC,Formigamentos,formigamentos
Neurológicos / AVC,Infecções cerebrais,infeccoes-cerebrais
Neurológicos / AVC,Isquemia cerebral,isquemia-cerebral
Neurológicos / AVC,Lesões medulares,lesoes-medulares
Neurológicos / AVC,Meningite,meningite
Neurológicos / AVC,Neuralgia,neuralgia
Neurológicos / AVC,Neuromielite óptica,neuromielite-optica
Neurológicos / AVC,Neuropatia diabética,neuropatia-diabetica
Neurológicos / AVC,Paralisia cerebral,paralisia-cerebral
Neurológicos / AVC,Paralisia facial,paralisia-facial
Neurológicos / AVC,Paralisia motora,paralisia-motora
Neurológicos / AVC,Parkinson,parkinson
Neurológicos / AVC,Perda de memória,perda-de-memoria
Neurológicos / AVC,Rigidez muscular,rigidez-muscular
Neurológicos / AVC,Sequelas de trauma craniano,sequelas-de-trauma-craniano
Neurológicos / AVC,Transtornos do movimento,transtornos-do-movimento
Neurológicos / AVC,Tremores,tremores
Olhos e Visão,Ambliopia,ambliopia
Olhos e Visão,Astigmatismo,astigmatismo
Olhos e Visão,Blefarite,blefarite
Olhos e Visão,Catarata,catarata
Olhos e Visão,Cegueira parcial ou total,cegueira-parcial-ou-total
Olhos e Visão,Complicações por uso excessivo de telas,complicacoes-por-uso-excessivo-de-telas
Olhos e Visão,Conjuntivite,conjuntivite
Olhos e Visão,Degeneração macular,degeneracao-macular
Olhos e Visão,Estrabismo,estrabismo
Olhos e Visão,Exposição prolongada à luz solar,exposicao-prolongada-a-luz-solar
Olhos e Visão,Glaucoma,glaucoma
Olhos e Visão,Hipermetropia,hipermetropia
Olhos e Visão,Infecções oculares,infeccoes-oculares
Olhos e Visão,Lacrimejamento excessivo,lacrimejamento-excessivo
Olhos e Visão,Miopia,miopia
Olhos e Visão,Neurite óptica,neurite-optica
Olhos e Visão,Perda progressiva da visão,perda-progressiva-da-visao
Olhos e Visão,Presbiopia,presbiopia
Olhos e Visão,Pressão intraocular elevada,pressao-intraocular-elevada
Olhos e Visão,Retina descolada,retina-descolada
Olhos e Visão,Retinopatia diabética,retinopatia-diabetica
Olhos e Visão,Retinose pigmentar,retinose-pigmentar
Olhos e Visão,Síndrome do olho seco,sindrome-do-olho-seco
Olhos e Visão,Uveíte,uveite
Olhos e Visão,Visão dupla,visao-dupla
Pele e Tecidos,Abscessos,abscessos
Pele e Tecidos,Acne severa,acne-severa
Pele e Tecidos,Alergias cutâneas,alergias-cutaneas
Pele e Tecidos,Candidíase cutânea,candidiase-cutanea
Pele e Tecidos,Celulite infecciosa,celulite-infecciosa
Pele e Tecidos,Câncer de pele,cancer-de-pele
Pele e Tecidos,Dermatite atópica,dermatite-atopica
Pele e Tecidos,Dermatite de contato,dermatite-de-contato
Pele e Tecidos,Dermatite seborreica,dermatite-seborreica
Pele e Tecidos,Doenças do tecido conjuntivo,doencas-do-tecido-conjuntivo
Pele e Tecidos,Eczema,eczema
Pele e Tecidos,Escaras,escaras
Pele e Tecidos,Feridas abertas,feridas-abertas
Pele e Tecidos,Foliculite,foliculite
Pele e Tecidos,Frieira,frieira
Pele e Tecidos,Furúnculos,furunculos
Pele e Tecidos,Líquen plano,liquen-plano
Pele e Tecidos,Lúpus cutâneo,lupus-cutaneo
Pele e Tecidos,Micose,micose
Pele e Tecidos,Psoríase,psoriase
Pele e Tecidos,Queda de cabelo,queda-de-cabelo
Pele e Tecidos,Queimaduras químicas,queimaduras-quimicas
Pele e Tecidos,Queimaduras solares,queimaduras-solares
Pele e Tecidos,Queimaduras térmicas,queimaduras-termicas
Pele e Tecidos,Rosácea,rosacea
Pele e Tecidos,Sarna,sarna
Pele e Tecidos,Unhas fracas ou deformadas,unhas-fracas-ou-deformadas
Pele e Tecidos,Urticária,urticaria
Pele e Tecidos,Vitiligo,vitiligo
Pulmões e Respiração,Adenoide aumentada,adenoide-aumentada
Pulmões e Respiração,Alérgicos e respiratórios em geral,alergicos-e-respiratorios-em-geral
Pulmões e Respiração,Apneia do sono,apneia-do-sono
Pulmões e Respiração,Asma,asma
Pulmões e Respiração,Bronquiectasias,bronquiectasias
Pulmões e Respiração,Bronquite,bronquite
Pulmões e Respiração,Chiado no peito,chiado-no-peito
Pulmões e Respiração,Cistos ou nódulos pulmonares,cistos-ou-nodulos-pulmonares
Pulmões e Respiração,Covid-19,covid-19
Pulmões e Respiração,DPOC (Doença Pulmonar Obstrutiva Crônica),dpoc-doenca-pulmonar-obstrutiva-cronica
Pulmões e Respiração,Derrame pleural,derrame-pleural
Pulmões e Respiração,Enfisema pulmonar,enfisema-pulmonar
Pulmões e Respiração,Exposição à fumaça ou poluição,exposicao-a-fumaca-ou-poluicao
Pulmões e Respiração,Falta de ar,falta-de-ar
Pulmões e Respiração,Fibrose pulmonar,fibrose-pulmonar
Pulmões e Respiração,Infecções respiratórias recorrentes,infeccoes-respiratorias-recorrentes
Pulmões e Respiração,Pneumonia,pneumonia
Pulmões e Respiração,Respiração ofegante,respiracao-ofegante
Pulmões e Respiração,Rinite alérgica,rinite-alergica
Pulmões e Respiração,Ronco,ronco
Pulmões e Respiração,Sinusite,sinusite
Pulmões e Respiração,Tosse crônica,tosse-cronica
Pulmões e Respiração,Tuberculose,tuberculose
Relacionamentos / Família,Adultério,adulterio
Relacionamentos / Família,Ausência de apoio,ausencia-de-apoio
Relacionamentos / Família,Autoritarismo,autoritarismo
Relacionamentos / Família,Ciúmes,ciumes
Relacionamentos / Família,Codependência,codependencia
Relacionamentos / Família,Conflitos entre gerações,conflitos-entre-geracoes
Relacionamentos / Família,Conflitos no casamento,conflitos-no-casamento
Relacionamentos / Família,Dependência emocional,dependencia-emocional
Relacionamentos / Família,Desconfiança,desconfianca
Relacionamentos / Família,Desobediência,desobediencia
Relacionamentos / Família,Dificuldade de comunicação,dificuldade-de-comunicacao
Relacionamentos / Família,Distanciamento emocional,distanciamento-emocional
Relacionamentos / Família,Divórcio,divorcio
Relacionamentos / Família,Falta de afeto,falta-de-afeto
Relacionamentos / Família,Falta de diálogo,falta-de-dialogo
Relacionamentos / Família,Falta de limites,falta-de-limites
Relacionamentos / Família,Filhos rebeldes,filhos-rebeldes
Relacionamentos / Família,Gritos e acusações,gritos-e-acusacoes
Relacionamentos / Família,Invasão de privacidade,invasao-de-privacidade
Relacionamentos / Família,Luto familiar,luto-familiar
Relacionamentos / Família,Manipulação,manipulacao
Relacionamentos / Família,Mágoas antigas,magoas-antigas
Relacionamentos / Família,Negligência,negligencia
Relacionamentos / Família,Pais ausentes,pais-ausentes
Relacionamentos / Família,Perdão e reconciliação,perdao-e-reconciliacao
Relacionamentos / Família,Relações tóxicas,relacoes-toxicas
Relacionamentos / Família,Ressentimentos,ressentimentos
Relacionamentos / Família,Separação,separacao
Relacionamentos / Família,Silêncios prolongados,silencios-prolongados
Relacionamentos / Família,Traições,traicoes
Relacionamentos / Família,Violência doméstica,violencia-domestica
Rins e Fígado,Ascite,ascite
Rins e Fígado,Cirrose,cirrose
Rins e Fígado,Colecistite,colecistite
Rins e Fígado,Cólica renal,colica-renal
Rins e Fígado,Fezes claras,fezes-claras
Rins e Fígado,Fibrose hepática,fibrose-hepatica
Rins e Fígado,Gordura no fígado (esteatose hepática),gordura-no-figado-esteatose-hepatica
Rins e Fígado,Hepatite A,hepatite-a
Rins e Fígado,Hepatite B,hepatite-b
Rins e Fígado,Hepatite C,hepatite-c
Rins e Fígado,Icterícia,ictericia
Rins e Fígado,Infecção urinária,infeccao-urinaria
Rins e Fígado,Insuficiência hepática,insuficiencia-hepatica
Rins e Fígado,Insuficiência renal aguda ou crônica,insuficiencia-renal-aguda-ou-cronica
Rins e Fígado,Intoxicação hepática,intoxicacao-hepatica
Rins e Fígado,Necessidade de diálise,necessidade-de-dialise
Rins e Fígado,Nefrite,nefrite
Rins e Fígado,Pedra na vesícula,pedra-na-vesicula
Rins e Fígado,Pedra nos rins,pedra-nos-rins
Rins e Fígado,Pielonefrite,pielonefrite
Rins e Fígado,Rins policísticos,rins-policisticos
Rins e Fígado,Síndrome hepatorrenal,sindrome-hepatorrenal
Rins e Fígado,Urina escura,urina-escura
Rins e Fígado,Uso excessivo de medicamentos ou álcool,uso-excessivo-de-medicamentos-ou-alcool
Rins e Fígado,Varizes esofágicas,varizes-esofagicas
Rins e Fígado,Vesícula inflamada,vesicula-inflamada
Salvação,Conversão genuína,conversao-genuina
Salvação,Corações endurecidos,coracoes-endurecidos
Salvação,Crise existencial,crise-existencial
Salvação,Desesperança espiritual,desesperanca-espiritual
Salvação,Entrega de vidas a Jesus,entrega-de-vidas-a-jesus
Salvação,Filhos pródigos,filhos-prodigos
Salvação,Jovens afastados,jovens-afastados
Salvação,Lares não evangelizados,lares-nao-evangelizados
Salvação,Povos não alcançados,povos-nao-alcancados
Salvação,Reconciliação com Deus,reconciliacao-com-deus
Salvação,Resistência ao evangelho,resistencia-ao-evangelho
Salvação,Vidas em vícios,vidas-em-vicios
Saúde Mental e Emocional,Abuso na infância,abuso-na-infancia
Saúde Mental e Emocional,Alucinações,alucinacoes
Saúde Mental e Emocional,Ansiedade generalizada,ansiedade-generalizada
Saúde Mental e Emocional,Baixa autoestima,baixa-autoestima
Saúde Mental e Emocional,Burnout,burnout
Saúde Mental e Emocional,Comparação excessiva,comparacao-excessiva
Saúde Mental e Emocional,Crises existenciais,crises-existenciais
Saúde Mental e Emocional,Delírios,delirios
Saúde Mental e Emocional,Dependência emocional,dependencia-emocional
Saúde Mental e Emocional,Depressão,depressao
Saúde Mental e Emocional,Distimia,distimia
Saúde Mental e Emocional,Distúrbios do sono,disturbios-do-sono
Saúde Mental e Emocional,Esgotamento emocional,esgotamento-emocional
Saúde Mental e Emocional,Esquizofrenia,esquizofrenia
Saúde Mental e Emocional,Estresse crônico,estresse-cronico
Saúde Mental e Emocional,Falta de propósito,falta-de-proposito
Saúde Mental e Emocional,Fobias,fobias
Saúde Mental e Emocional,Ideação suicida,ideacao-suicida
Saúde Mental e Emocional,Impacto das redes sociais,impacto-das-redes-sociais
Saúde Mental e Emocional,Insônia,insonia
Saúde Mental e Emocional,Luto não elaborado,luto-nao-elaborado
Saúde Mental e Emocional,Negatividade persistente,negatividade-persistente
Saúde Mental e Emocional,Paranoia,paranoia
Saúde Mental e Emocional,Pesadelos recorrentes,pesadelos-recorrentes
Saúde Mental e Emocional,Solidão,solidao
Saúde Mental e Emocional,Síndrome do pânico,sindrome-do-panico
Saúde Mental e Emocional,Transtorno bipolar,transtorno-bipolar
Saúde Mental e Emocional,Transtorno de personalidade borderline,transtorno-de-personalidade-borderline
Saúde Mental e Emocional,Transtornos alimentares,transtornos-alimentares
Saúde Mental e Emocional,Trauma psicológico,trauma-psicologico
Sistema Digestivo,Aderências,aderencias
Sistema Digestivo,Alergias alimentares,alergias-alimentares
Sistema Digestivo,Cirurgias no estômago ou intestino,cirurgias-no-estomago-ou-intestino
Sistema Digestivo,Colite,colite
Sistema Digestivo,Cânceres do trato digestivo,canceres-do-trato-digestivo
Sistema Digestivo,Desnutrição,desnutricao
Sistema Digestivo,Doença celíaca,doenca-celiaca
Sistema Digestivo,Doença de Crohn,doenca-de-crohn
Sistema Digestivo,Dor abdominal crônica,dor-abdominal-cronica
Sistema Digestivo,Fissuras anais,fissuras-anais
Sistema Digestivo,Gases,gases
Sistema Digestivo,Gastrite,gastrite
Sistema Digestivo,Hemorroidas,hemorroidas
Sistema Digestivo,Hérnia,hernia
Sistema Digestivo,Inchaço abdominal,inchaco-abdominal
Sistema Digestivo,Infecções intestinais,infeccoes-intestinais
Sistema Digestivo,Insuficiência pancreática,insuficiencia-pancreatica
Sistema Digestivo,Intestino preso (constipação),intestino-preso-constipacao
Sistema Digestivo,Intestino solto (diarreia),intestino-solto-diarreia
Sistema Digestivo,Intolerância à lactose,intolerancia-a-lactose
Sistema Digestivo,Má absorção de nutrientes,ma-absorcao-de-nutrientes
Sistema Digestivo,Má digestão,ma-digestao
Sistema Digestivo,Náuseas,nauseas
Sistema Digestivo,Pancreatite,pancreatite
Sistema Digestivo,Refluxo gastroesofágico,refluxo-gastroesofagico
Sistema Digestivo,Retocolite ulcerativa,retocolite-ulcerativa
Sistema Digestivo,Sangramento nas fezes,sangramento-nas-fezes
Sistema Digestivo,Síndrome do intestino irritável,sindrome-do-intestino-irritavel
Sistema Digestivo,Vômitos,vomitos
Sistema Digestivo,Úlcera gástrica,ulcera-gastrica
Vida Profissional,Assédio moral,assedio-moral
Vida Profissional,Baixa autoestima,baixa-autoestima
Vida Profissional,Burnout,burnout
Vida Profissional,Comparação,comparacao
Vida Profissional,Conciliar vida pessoal e profissional,conciliar-vida-pessoal-e-profissional
Vida Profissional,Conflitos com colegas,conflitos-com-colegas
Vida Profissional,Desemprego prolongado,desemprego-prolongado
Vida Profissional,Dificuldade de recolocação,dificuldade-de-recolocacao
Vida Profissional,Esgotamento físico e mental,esgotamento-fisico-e-mental
Vida Profissional,Falta de oportunidades,falta-de-oportunidades
Vida Profissional,Falta de propósito,falta-de-proposito
Vida Profissional,Falência,falencia
Vida Profissional,Frustrações com entrevistas,frustracoes-com-entrevistas
Vida Profissional,Insatisfação profissional,insatisfacao-profissional
Vida Profissional,Medo de fracassar,medo-de-fracassar
Vida Profissional,Medo do novo,medo-do-novo
Vida Profissional,Metas inalcançáveis,metas-inalcancaveis
Vida Profissional,Mudança de área,mudanca-de-area
Vida Profissional,Perseguição no trabalho,perseguicao-no-trabalho
Vida Profissional,Projetos frustrados,projetos-frustrados
Vida Profissional,Reconhecimento insuficiente,reconhecimento-insuficiente
Vida Profissional,Rotina exaustiva,rotina-exaustiva
Vida Profissional,Salários baixos,salarios-baixos
Volta de Jesus,Amor pela Igreja,amor-pela-igreja
Volta de Jesus,Arrependimento,arrependimento
Volta de Jesus,Colheita final de almas,colheita-final-de-almas
Volta de Jesus,Despertar espiritual,despertar-espiritual
Volta de Jesus,Discernimento dos sinais dos tempos,discernimento-dos-sinais-dos-tempos
Volta de Jesus,Falsos mestres,falsos-mestres
Volta de Jesus,Maranata!,maranata!
Volta de Jesus,Perseverança até o fim,perseveranca-ate-o-fim
Volta de Jesus,Santidade,santidade
Vícios e Dependências,Abstinência,abstinencia
Vícios e Dependências,Anorexia,anorexia
Vícios e Dependências,Baixa autoestima,baixa-autoestima
Vícios e Dependências,Bulimia,bulimia
Vícios e Dependências,Cigarro (tabagismo),cigarro-tabagismo
Vícios e Dependências,Compras compulsivas,compras-compulsivas
Vícios e Dependências,Compulsão alimentar,compulsao-alimentar
Vícios e Dependências,Drogas ilícitas,drogas-ilicitas
Vícios e Dependências,Histórico familiar,historico-familiar
Vícios e Dependências,Internet compulsiva,internet-compulsiva
Vícios e Dependências,Jogos de azar,jogos-de-azar
Vícios e Dependências,Pornografia,pornografia
Vícios e Dependências,Pressão social,pressao-social
Vícios e Dependências,Recaídas,recaidas
Vícios e Dependências,Síndrome de abstinência,sindrome-de-abstinencia
Vícios e Dependências,Traumas,traumas
Vícios e Dependências,Uso indevido de medicamentos,uso-indevido-de-medicamentos
Vícios e Dependências,Workaholismo,workaholismo
Vícios e Dependências,Álcool (alcoolismo crônico),alcool-alcoolismo-cronico
Órgãos Reprodutivos,Adenomiose,adenomiose
Órgãos Reprodutivos,Aderências pélvicas,aderencias-pelvicas
Órgãos Reprodutivos,Alterações hormonais,alteracoes-hormonais
Órgãos Reprodutivos,Anabolizantes,anabolizantes
Órgãos Reprodutivos,Andropausa,andropausa
Órgãos Reprodutivos,Anovulação,anovulacao
Órgãos Reprodutivos,Baixa contagem de espermatozoides,baixa-contagem-de-espermatozoides
Órgãos Reprodutivos,Cistos ovarianos,cistos-ovarianos
Órgãos Reprodutivos,Câncer de próstata,cancer-de-prostata
Órgãos Reprodutivos,Cólicas intensas,colicas-intensas
Órgãos Reprodutivos,Disfunção erétil,disfuncao-eretil
Órgãos Reprodutivos,Dor pélvica crônica,dor-pelvica-cronica
Órgãos Reprodutivos,Ejaculação precoce,ejaculacao-precoce
Órgãos Reprodutivos,Endometriose,endometriose
Órgãos Reprodutivos,Exposição a toxinas,exposicao-a-toxinas
Órgãos Reprodutivos,Gravidez ectópica,gravidez-ectopica
Órgãos Reprodutivos,Histórico familiar,historico-familiar
Órgãos Reprodutivos,Impotência sexual,impotencia-sexual
Órgãos Reprodutivos,Infecções urinárias recorrentes,infeccoes-urinarias-recorrentes
Órgãos Reprodutivos,Infertilidade feminina,infertilidade-feminina
Órgãos Reprodutivos,Infertilidade masculina,infertilidade-masculina
Órgãos Reprodutivos,Menopausa precoce,menopausa-precoce
Órgãos Reprodutivos,Miomas,miomas
Órgãos Reprodutivos,Obstrução tubária,obstrucao-tubaria
Órgãos Reprodutivos,Ovários policísticos (SOP),ovarios-policisticos-sop
Órgãos Reprodutivos,Prostatite,prostatite
Órgãos Reprodutivos,Próstata aumentada (hiperplasia benigna),prostata-aumentada-hiperplasia-benigna
Órgãos Reprodutivos,Sangramentos irregulares,sangramentos-irregulares
Órgãos Reprodutivos,Varicocele,varicocele
